Handle,Title,Body (HTML),Vendor,Type,Tags,Published,Option1 Name,Option1 Value,Variant SKU,Variant Grams,Variant Inventory Tracker,Variant Inventory Qty,Variant Inventory Policy,Variant Fulfillment Service,Variant Price,Variant Compare At Price,Variant Requires Shipping,Variant Taxable,Variant Barcode,Image Src,Image Position,Image Alt Text
no-rest-just-reps-set-light-blue-yellow,No Rest Just Reps Set - Light Blue & Yellow,<strong>No Rest. Just Reps.</strong> Cropped Tank and Shorts Set in Light Blue & Yellow.,Elite Star Athletics,Athletic Wear,"Set, Women's, No Rest Just Reps, ESA",TRUE,Size,Youth XS,ESA-NRJRS-LIGHT-BLUE-YELLOW-YouthXS,200,shopify,10,deny,manual,39.99,,TRUE,TRUE,,https://elitestarathletics.github.io/images/no-rest-just-reps-lightblue-yellow.png,1,No Rest Just Reps Set - Light Blue & Yellow
no-rest-just-reps-set-light-blue-yellow,No Rest Just Reps Set - Light Blue & Yellow,<strong>No Rest. Just Reps.</strong> Cropped Tank and Shorts Set in Light Blue & Yellow.,Elite Star Athletics,Athletic Wear,"Set, Women's, No Rest Just Reps, ESA",TRUE,Size,Youth S,ESA-NRJRS-LIGHT-BLUE-YELLOW-YouthS,200,shopify,10,deny,manual,39.99,,TRUE,TRUE,,https://elitestarathletics.github.io/images/no-rest-just-reps-lightblue-yellow.png,1,No Rest Just Reps Set - Light Blue & Yellow
no-rest-just-reps-set-light-blue-yellow,No Rest Just Reps Set - Light Blue & Yellow,<strong>No Rest. Just Reps.</strong> Cropped Tank and Shorts Set in Light Blue & Yellow.,Elite Star Athletics,Athletic Wear,"Set, Women's, No Rest Just Reps, ESA",TRUE,Size,Youth M,ESA-NRJRS-LIGHT-BLUE-YELLOW-YouthM,200,shopify,10,deny,manual,39.99,,TRUE,TRUE,,https://elitestarathletics.github.io/images/no-rest-just-reps-lightblue-yellow.png,1,No Rest Just Reps Set - Light Blue & Yellow
no-rest-just-reps-set-light-blue-yellow,No Rest Just Reps Set - Light Blue & Yellow,<strong>No Rest. Just Reps.</strong> Cropped Tank and Shorts Set in Light Blue & Yellow.,Elite Star Athletics,Athletic Wear,"Set, Women's, No Rest Just Reps, ESA",TRUE,Size,Youth L,ESA-NRJRS-LIGHT-BLUE-YELLOW-YouthL,200,shopify,10,deny,manual,39.99,,TRUE,TRUE,,https://elitestarathletics.github.io/images/no-rest-just-reps-lightblue-yellow.png,1,No Rest Just Reps Set - Light Blue & Yellow
no-rest-just-reps-set-light-blue-yellow,No Rest Just Reps Set - Light Blue & Yellow,<strong>No Rest. Just Reps.</strong> Cropped Tank and Shorts Set in Light Blue & Yellow.,Elite Star Athletics,Athletic Wear,"Set, Women's, No Rest Just Reps, ESA",TRUE,Size,Youth XL,ESA-NRJRS-LIGHT-BLUE-YELLOW-YouthXL,200,shopify,10,deny,manual,39.99,,TRUE,TRUE,,https://elitestarathletics.github.io/images/no-rest-just-reps-lightblue-yellow.png,1,No Rest Just Reps Set - Light Blue & Yellow
no-rest-just-reps-set-light-blue-yellow,No Rest Just Reps Set - Light Blue & Yellow,<strong>No Rest. Just Reps.</strong> Cropped Tank and Shorts Set in Light Blue & Yellow.,Elite Star Athletics,Athletic Wear,"Set, Women's, No Rest Just Reps, ESA",TRUE,Size,S,ESA-NRJRS-LIGHT-BLUE-YELLOW-S,200,shopify,10,deny,manual,39.99,,TRUE,TRUE,,https://elitestarathletics.github.io/images/no-rest-just-reps-lightblue-yellow.png,1,No Rest Just Reps Set - Light Blue & Yellow
no-rest-just-reps-set-light-blue-yellow,No Rest Just Reps Set - Light Blue & Yellow,<strong>No Rest. Just Reps.</strong> Cropped Tank and Shorts Set in Light Blue & Yellow.,Elite Star Athletics,Athletic Wear,"Set, Women's, No Rest Just Reps, ESA",TRUE,Size,M,ESA-NRJRS-LIGHT-BLUE-YELLOW-M,200,shopify,10,deny,manual,39.99,,TRUE,TRUE,,https://elitestarathletics.github.io/images/no-rest-just-reps-lightblue-yellow.png,1,No Rest Just Reps Set - Light Blue & Yellow
no-rest-just-reps-set-light-blue-yellow,No Rest Just Reps Set - Light Blue & Yellow,<strong>No Rest. Just Reps.</strong> Cropped Tank and Shorts Set in Light Blue & Yellow.,Elite Star Athletics,Athletic Wear,"Set, Women's, No Rest Just Reps, ESA",TRUE,Size,L,ESA-NRJRS-LIGHT-BLUE-YELLOW-L,200,shopify,10,deny,manual,39.99,,TRUE,TRUE,,https://elitestarathletics.github.io/images/no-rest-just-reps-lightblue-yellow.png,1,No Rest Just Reps Set - Light Blue & Yellow
no-rest-just-reps-set-light-blue-yellow,No Rest Just Reps Set - Light Blue & Yellow,<strong>No Rest. Just Reps.</strong> Cropped Tank and Shorts Set in Light Blue & Yellow.,Elite Star Athletics,Athletic Wear,"Set, Women's, No Rest Just Reps, ESA",TRUE,Size,XL,ESA-NRJRS-LIGHT-BLUE-YELLOW-XL,200,shopify,10,deny,manual,39.99,,TRUE,TRUE,,https://elitestarathletics.github.io/images/no-rest-just-reps-lightblue-yellow.png,1,No Rest Just Reps Set - Light Blue & Yellow
no-rest-just-reps-set-light-blue-yellow,No Rest Just Reps Set - Light Blue & Yellow,<strong>No Rest. Just Reps.</strong> Cropped Tank and Shorts Set in Light Blue & Yellow.,Elite Star Athletics,Athletic Wear,"Set, Women's, No Rest Just Reps, ESA",TRUE,Size,2XL,ESA-NRJRS-LIGHT-BLUE-YELLOW-2XL,200,shopify,10,deny,manual,39.99,,TRUE,TRUE,,https://elitestarathletics.github.io/images/no-rest-just-reps-lightblue-yellow.png,1,No Rest Just Reps Set - Light Blue & Yellow
no-rest-just-reps-set-light-blue-yellow,No Rest Just Reps Set - Light Blue & Yellow,<strong>No Rest. Just Reps.</strong> Cropped Tank and Shorts Set in Light Blue & Yellow.,Elite Star Athletics,Athletic Wear,"Set, Women's, No Rest Just Reps, ESA",TRUE,Size,3XL,ESA-NRJRS-LIGHT-BLUE-YELLOW-3XL,200,shopify,10,deny,manual,39.99,,TRUE,TRUE,,https://elitestarathletics.github.io/images/no-rest-just-reps-lightblue-yellow.png,1,No Rest Just Reps Set - Light Blue & Yellow
no-rest-just-reps-set-light-blue-yellow,No Rest Just Reps Set - Light Blue & Yellow,<strong>No Rest. Just Reps.</strong> Cropped Tank and Shorts Set in Light Blue & Yellow.,Elite Star Athletics,Athletic Wear,"Set, Women's, No Rest Just Reps, ESA",TRUE,Size,4XL,ESA-NRJRS-LIGHT-BLUE-YELLOW-4XL,200,shopify,10,deny,manual,39.99,,TRUE,TRUE,,https://elitestarathletics.github.io/images/no-rest-just-reps-lightblue-yellow.png,1,No Rest Just Reps Set - Light Blue & Yellow
no-rest-just-reps-set-purple-light-blue,No Rest Just Reps Set - Purple & Light Blue,<strong>No Rest. Just Reps.</strong> Cropped Tank and Shorts Set in Purple & Light Blue.,Elite Star Athletics,Athletic Wear,"Set, Women's, No Rest Just Reps, ESA",TRUE,Size,Youth XS,ESA-NRJRS-PURPLE-LIGHT-BLUE-YouthXS,200,shopify,10,deny,manual,39.99,,TRUE,TRUE,,https://elitestarathletics.github.io/images/no-rest-just-reps-purple-lightblue.png,1,No Rest Just Reps Set - Purple & Light Blue
no-rest-just-reps-set-purple-light-blue,No Rest Just Reps Set - Purple & Light Blue,<strong>No Rest. Just Reps.</strong> Cropped Tank and Shorts Set in Purple & Light Blue.,Elite Star Athletics,Athletic Wear,"Set, Women's, No Rest Just Reps, ESA",TRUE,Size,Youth S,ESA-NRJRS-PURPLE-LIGHT-BLUE-YouthS,200,shopify,10,deny,manual,39.99,,TRUE,TRUE,,https://elitestarathletics.github.io/images/no-rest-just-reps-purple-lightblue.png,1,No Rest Just Reps Set - Purple & Light Blue
no-rest-just-reps-set-purple-light-blue,No Rest Just Reps Set - Purple & Light Blue,<strong>No Rest. Just Reps.</strong> Cropped Tank and Shorts Set in Purple & Light Blue.,Elite Star Athletics,Athletic Wear,"Set, Women's, No Rest Just Reps, ESA",TRUE,Size,Youth M,ESA-NRJRS-PURPLE-LIGHT-BLUE-YouthM,200,shopify,10,deny,manual,39.99,,TRUE,TRUE,,https://elitestarathletics.github.io/images/no-rest-just-reps-purple-lightblue.png,1,No Rest Just Reps Set - Purple & Light Blue
no-rest-just-reps-set-purple-light-blue,No Rest Just Reps Set - Purple & Light Blue,<strong>No Rest. Just Reps.</strong> Cropped Tank and Shorts Set in Purple & Light Blue.,Elite Star Athletics,Athletic Wear,"Set, Women's, No Rest Just Reps, ESA",TRUE,Size,Youth L,ESA-NRJRS-PURPLE-LIGHT-BLUE-YouthL,200,shopify,10,deny,manual,39.99,,TRUE,TRUE,,https://elitestarathletics.github.io/images/no-rest-just-reps-purple-lightblue.png,1,No Rest Just Reps Set - Purple & Light Blue
no-rest-just-reps-set-purple-light-blue,No Rest Just Reps Set - Purple & Light Blue,<strong>No Rest. Just Reps.</strong> Cropped Tank and Shorts Set in Purple & Light Blue.,Elite Star Athletics,Athletic Wear,"Set, Women's, No Rest Just Reps, ESA",TRUE,Size,Youth XL,ESA-NRJRS-PURPLE-LIGHT-BLUE-YouthXL,200,shopify,10,deny,manual,39.99,,TRUE,TRUE,,https://elitestarathletics.github.io/images/no-rest-just-reps-purple-lightblue.png,1,No Rest Just Reps Set - Purple & Light Blue
no-rest-just-reps-set-purple-light-blue,No Rest Just Reps Set - Purple & Light Blue,<strong>No Rest. Just Reps.</strong> Cropped Tank and Shorts Set in Purple & Light Blue.,Elite Star Athletics,Athletic Wear,"Set, Women's, No Rest Just Reps, ESA",TRUE,Size,S,ESA-NRJRS-PURPLE-LIGHT-BLUE-S,200,shopify,10,deny,manual,39.99,,TRUE,TRUE,,https://elitestarathletics.github.io/images/no-rest-just-reps-purple-lightblue.png,1,No Rest Just Reps Set - Purple & Light Blue
no-rest-just-reps-set-purple-light-blue,No Rest Just Reps Set - Purple & Light Blue,<strong>No Rest. Just Reps.</strong> Cropped Tank and Shorts Set in Purple & Light Blue.,Elite Star Athletics,Athletic Wear,"Set, Women's, No Rest Just Reps, ESA",TRUE,Size,M,ESA-NRJRS-PURPLE-LIGHT-BLUE-M,200,shopify,10,deny,manual,39.99,,TRUE,TRUE,,https://elitestarathletics.github.io/images/no-rest-just-reps-purple-lightblue.png,1,No Rest Just Reps Set - Purple & Light Blue
no-rest-just-reps-set-purple-light-blue,No Rest Just Reps Set - Purple & Light Blue,<strong>No Rest. Just Reps.</strong> Cropped Tank and Shorts Set in Purple & Light Blue.,Elite Star Athletics,Athletic Wear,"Set, Women's, No Rest Just Reps, ESA",TRUE,Size,L,ESA-NRJRS-PURPLE-LIGHT-BLUE-L,200,shopify,10,deny,manual,39.99,,TRUE,TRUE,,https://elitestarathletics.github.io/images/no-rest-just-reps-purple-lightblue.png,1,No Rest Just Reps Set - Purple & Light Blue
no-rest-just-reps-set-purple-light-blue,No Rest Just Reps Set - Purple & Light Blue,<strong>No Rest. Just Reps.</strong> Cropped Tank and Shorts Set in Purple & Light Blue.,Elite Star Athletics,Athletic Wear,"Set, Women's, No Rest Just Reps, ESA",TRUE,Size,XL,ESA-NRJRS-PURPLE-LIGHT-BLUE-XL,200,shopify,10,deny,manual,39.99,,TRUE,TRUE,,https://elitestarathletics.github.io/images/no-rest-just-reps-purple-lightblue.png,1,No Rest Just Reps Set - Purple & Light Blue
no-rest-just-reps-set-purple-light-blue,No Rest Just Reps Set - Purple & Light Blue,<strong>No Rest. Just Reps.</strong> Cropped Tank and Shorts Set in Purple & Light Blue.,Elite Star Athletics,Athletic Wear,"Set, Women's, No Rest Just Reps, ESA",TRUE,Size,2XL,ESA-NRJRS-PURPLE-LIGHT-BLUE-2XL,200,shopify,10,deny,manual,39.99,,TRUE,TRUE,,https://elitestarathletics.github.io/images/no-rest-just-reps-purple-lightblue.png,1,No Rest Just Reps Set - Purple & Light Blue
no-rest-just-reps-set-purple-light-blue,No Rest Just Reps Set - Purple & Light Blue,<strong>No Rest. Just Reps.</strong> Cropped Tank and Shorts Set in Purple & Light Blue.,Elite Star Athletics,Athletic Wear,"Set, Women's, No Rest Just Reps, ESA",TRUE,Size,3XL,ESA-NRJRS-PURPLE-LIGHT-BLUE-3XL,200,shopify,10,deny,manual,39.99,,TRUE,TRUE,,https://elitestarathletics.github.io/images/no-rest-just-reps-purple-lightblue.png,1,No Rest Just Reps Set - Purple & Light Blue
no-rest-just-reps-set-purple-light-blue,No Rest Just Reps Set - Purple & Light Blue,<strong>No Rest. Just Reps.</strong> Cropped Tank and Shorts Set in Purple & Light Blue.,Elite Star Athletics,Athletic Wear,"Set, Women's, No Rest Just Reps, ESA",TRUE,Size,4XL,ESA-NRJRS-PURPLE-LIGHT-BLUE-4XL,200,shopify,10,deny,manual,39.99,,TRUE,TRUE,,https://elitestarathletics.github.io/images/no-rest-just-reps-purple-lightblue.png,1,No Rest Just Reps Set - Purple & Light Blue
no-rest-just-reps-set-red-light-blue,No Rest Just Reps Set - Red & Light Blue,<strong>No Rest. Just Reps.</strong> Cropped Tank and Shorts Set in Red & Light Blue.,Elite Star Athletics,Athletic Wear,"Set, Women's, No Rest Just Reps, ESA",TRUE,Size,Youth XS,ESA-NRJRS-RED-LIGHT-BLUE-YouthXS,200,shopify,10,deny,manual,39.99,,TRUE,TRUE,,https://elitestarathletics.github.io/images/no-rest-just-reps-red-lightblue.png,1,No Rest Just Reps Set - Red & Light Blue
no-rest-just-reps-set-red-light-blue,No Rest Just Reps Set - Red & Light Blue,<strong>No Rest. Just Reps.</strong> Cropped Tank and Shorts Set in Red & Light Blue.,Elite Star Athletics,Athletic Wear,"Set, Women's, No Rest Just Reps, ESA",TRUE,Size,Youth S,ESA-NRJRS-RED-LIGHT-BLUE-YouthS,200,shopify,10,deny,manual,39.99,,TRUE,TRUE,,https://elitestarathletics.github.io/images/no-rest-just-reps-red-lightblue.png,1,No Rest Just Reps Set - Red & Light Blue
no-rest-just-reps-set-red-light-blue,No Rest Just Reps Set - Red & Light Blue,<strong>No Rest. Just Reps.</strong> Cropped Tank and Shorts Set in Red & Light Blue.,Elite Star Athletics,Athletic Wear,"Set, Women's, No Rest Just Reps, ESA",TRUE,Size,Youth M,ESA-NRJRS-RED-LIGHT-BLUE-YouthM,200,shopify,10,deny,manual,39.99,,TRUE,TRUE,,https://elitestarathletics.github.io/images/no-rest-just-reps-red-lightblue.png,1,No Rest Just Reps Set - Red & Light Blue
no-rest-just-reps-set-red-light-blue,No Rest Just Reps Set - Red & Light Blue,<strong>No Rest. Just Reps.</strong> Cropped Tank and Shorts Set in Red & Light Blue.,Elite Star Athletics,Athletic Wear,"Set, Women's, No Rest Just Reps, ESA",TRUE,Size,Youth L,ESA-NRJRS-RED-LIGHT-BLUE-YouthL,200,shopify,10,deny,manual,39.99,,TRUE,TRUE,,https://elitestarathletics.github.io/images/no-rest-just-reps-red-lightblue.png,1,No Rest Just Reps Set - Red & Light Blue
no-rest-just-reps-set-red-light-blue,No Rest Just Reps Set - Red & Light Blue,<strong>No Rest. Just Reps.</strong> Cropped Tank and Shorts Set in Red & Light Blue.,Elite Star Athletics,Athletic Wear,"Set, Women's, No Rest Just Reps, ESA",TRUE,Size,Youth XL,ESA-NRJRS-RED-LIGHT-BLUE-YouthXL,200,shopify,10,deny,manual,39.99,,TRUE,TRUE,,https://elitestarathletics.github.io/images/no-rest-just-reps-red-lightblue.png,1,No Rest Just Reps Set - Red & Light Blue
no-rest-just-reps-set-red-light-blue,No Rest Just Reps Set - Red & Light Blue,<strong>No Rest. Just Reps.</strong> Cropped Tank and Shorts Set in Red & Light Blue.,Elite Star Athletics,Athletic Wear,"Set, Women's, No Rest Just Reps, ESA",TRUE,Size,S,ESA-NRJRS-RED-LIGHT-BLUE-S,200,shopify,10,deny,manual,39.99,,TRUE,TRUE,,https://elitestarathletics.github.io/images/no-rest-just-reps-red-lightblue.png,1,No Rest Just Reps Set - Red & Light Blue
no-rest-just-reps-set-red-light-blue,No Rest Just Reps Set - Red & Light Blue,<strong>No Rest. Just Reps.</strong> Cropped Tank and Shorts Set in Red & Light Blue.,Elite Star Athletics,Athletic Wear,"Set, Women's, No Rest Just Reps, ESA",TRUE,Size,M,ESA-NRJRS-RED-LIGHT-BLUE-M,200,shopify,10,deny,manual,39.99,,TRUE,TRUE,,https://elitestarathletics.github.io/images/no-rest-just-reps-red-lightblue.png,1,No Rest Just Reps Set - Red & Light Blue
no-rest-just-reps-set-red-light-blue,No Rest Just Reps Set - Red & Light Blue,<strong>No Rest. Just Reps.</strong> Cropped Tank and Shorts Set in Red & Light Blue.,Elite Star Athletics,Athletic Wear,"Set, Women's, No Rest Just Reps, ESA",TRUE,Size,L,ESA-NRJRS-RED-LIGHT-BLUE-L,200,shopify,10,deny,manual,39.99,,TRUE,TRUE,,https://elitestarathletics.github.io/images/no-rest-just-reps-red-lightblue.png,1,No Rest Just Reps Set - Red & Light Blue
no-rest-just-reps-set-red-light-blue,No Rest Just Reps Set - Red & Light Blue,<strong>No Rest. Just Reps.</strong> Cropped Tank and Shorts Set in Red & Light Blue.,Elite Star Athletics,Athletic Wear,"Set, Women's, No Rest Just Reps, ESA",TRUE,Size,XL,ESA-NRJRS-RED-LIGHT-BLUE-XL,200,shopify,10,deny,manual,39.99,,TRUE,TRUE,,https://elitestarathletics.github.io/images/no-rest-just-reps-red-lightblue.png,1,No Rest Just Reps Set - Red & Light Blue
no-rest-just-reps-set-red-light-blue,No Rest Just Reps Set - Red & Light Blue,<strong>No Rest. Just Reps.</strong> Cropped Tank and Shorts Set in Red & Light Blue.,Elite Star Athletics,Athletic Wear,"Set, Women's, No Rest Just Reps, ESA",TRUE,Size,2XL,ESA-NRJRS-RED-LIGHT-BLUE-2XL,200,shopify,10,deny,manual,39.99,,TRUE,TRUE,,https://elitestarathletics.github.io/images/no-rest-just-reps-red-lightblue.png,1,No Rest Just Reps Set - Red & Light Blue
no-rest-just-reps-set-red-light-blue,No Rest Just Reps Set - Red & Light Blue,<strong>No Rest. Just Reps.</strong> Cropped Tank and Shorts Set in Red & Light Blue.,Elite Star Athletics,Athletic Wear,"Set, Women's, No Rest Just Reps, ESA",TRUE,Size,3XL,ESA-NRJRS-RED-LIGHT-BLUE-3XL,200,shopify,10,deny,manual,39.99,,TRUE,TRUE,,https://elitestarathletics.github.io/images/no-rest-just-reps-red-lightblue.png,1,No Rest Just Reps Set - Red & Light Blue
no-rest-just-reps-set-red-light-blue,No Rest Just Reps Set - Red & Light Blue,<strong>No Rest. Just Reps.</strong> Cropped Tank and Shorts Set in Red & Light Blue.,Elite Star Athletics,Athletic Wear,"Set, Women's, No Rest Just Reps, ESA",TRUE,Size,4XL,ESA-NRJRS-RED-LIGHT-BLUE-4XL,200,shopify,10,deny,manual,39.99,,TRUE,TRUE,,https://elitestarathletics.github.io/images/no-rest-just-reps-red-lightblue.png,1,No Rest Just Reps Set - Red & Light Blue
no-rest-just-reps-set-yellow-red,No Rest Just Reps Set - Yellow & Red,<strong>No Rest. Just Reps.</strong> Cropped Tank and Shorts Set in Yellow & Red.,Elite Star Athletics,Athletic Wear,"Set, Women's, No Rest Just Reps, ESA",TRUE,Size,Youth XS,ESA-NRJRS-YELLOW-RED-YouthXS,200,shopify,10,deny,manual,39.99,,TRUE,TRUE,,https://elitestarathletics.github.io/images/no-rest-just-reps-yellow-red.png,1,No Rest Just Reps Set - Yellow & Red
no-rest-just-reps-set-yellow-red,No Rest Just Reps Set - Yellow & Red,<strong>No Rest. Just Reps.</strong> Cropped Tank and Shorts Set in Yellow & Red.,Elite Star Athletics,Athletic Wear,"Set, Women's, No Rest Just Reps, ESA",TRUE,Size,Youth S,ESA-NRJRS-YELLOW-RED-YouthS,200,shopify,10,deny,manual,39.99,,TRUE,TRUE,,https://elitestarathletics.github.io/images/no-rest-just-reps-yellow-red.png,1,No Rest Just Reps Set - Yellow & Red
no-rest-just-reps-set-yellow-red,No Rest Just Reps Set - Yellow & Red,<strong>No Rest. Just Reps.</strong> Cropped Tank and Shorts Set in Yellow & Red.,Elite Star Athletics,Athletic Wear,"Set, Women's, No Rest Just Reps, ESA",TRUE,Size,Youth M,ESA-NRJRS-YELLOW-RED-YouthM,200,shopify,10,deny,manual,39.99,,TRUE,TRUE,,https://elitestarathletics.github.io/images/no-rest-just-reps-yellow-red.png,1,No Rest Just Reps Set - Yellow & Red
no-rest-just-reps-set-yellow-red,No Rest Just Reps Set - Yellow & Red,<strong>No Rest. Just Reps.</strong> Cropped Tank and Shorts Set in Yellow & Red.,Elite Star Athletics,Athletic Wear,"Set, Women's, No Rest Just Reps, ESA",TRUE,Size,Youth L,ESA-NRJRS-YELLOW-RED-YouthL,200,shopify,10,deny,manual,39.99,,TRUE,TRUE,,https://elitestarathletics.github.io/images/no-rest-just-reps-yellow-red.png,1,No Rest Just Reps Set - Yellow & Red
no-rest-just-reps-set-yellow-red,No Rest Just Reps Set - Yellow & Red,<strong>No Rest. Just Reps.</strong> Cropped Tank and Shorts Set in Yellow & Red.,Elite Star Athletics,Athletic Wear,"Set, Women's, No Rest Just Reps, ESA",TRUE,Size,Youth XL,ESA-NRJRS-YELLOW-RED-YouthXL,200,shopify,10,deny,manual,39.99,,TRUE,TRUE,,https://elitestarathletics.github.io/images/no-rest-just-reps-yellow-red.png,1,No Rest Just Reps Set - Yellow & Red
no-rest-just-reps-set-yellow-red,No Rest Just Reps Set - Yellow & Red,<strong>No Rest. Just Reps.</strong> Cropped Tank and Shorts Set in Yellow & Red.,Elite Star Athletics,Athletic Wear,"Set, Women's, No Rest Just Reps, ESA",TRUE,Size,S,ESA-NRJRS-YELLOW-RED-S,200,shopify,10,deny,manual,39.99,,TRUE,TRUE,,https://elitestarathletics.github.io/images/no-rest-just-reps-yellow-red.png,1,No Rest Just Reps Set - Yellow & Red
no-rest-just-reps-set-yellow-red,No Rest Just Reps Set - Yellow & Red,<strong>No Rest. Just Reps.</strong> Cropped Tank and Shorts Set in Yellow & Red.,Elite Star Athletics,Athletic Wear,"Set, Women's, No Rest Just Reps, ESA",TRUE,Size,M,ESA-NRJRS-YELLOW-RED-M,200,shopify,10,deny,manual,39.99,,TRUE,TRUE,,https://elitestarathletics.github.io/images/no-rest-just-reps-yellow-red.png,1,No Rest Just Reps Set - Yellow & Red
no-rest-just-reps-set-yellow-red,No Rest Just Reps Set - Yellow & Red,<strong>No Rest. Just Reps.</strong> Cropped Tank and Shorts Set in Yellow & Red.,Elite Star Athletics,Athletic Wear,"Set, Women's, No Rest Just Reps, ESA",TRUE,Size,L,ESA-NRJRS-YELLOW-RED-L,200,shopify,10,deny,manual,39.99,,TRUE,TRUE,,https://elitestarathletics.github.io/images/no-rest-just-reps-yellow-red.png,1,No Rest Just Reps Set - Yellow & Red
no-rest-just-reps-set-yellow-red,No Rest Just Reps Set - Yellow & Red,<strong>No Rest. Just Reps.</strong> Cropped Tank and Shorts Set in Yellow & Red.,Elite Star Athletics,Athletic Wear,"Set, Women's, No Rest Just Reps, ESA",TRUE,Size,XL,ESA-NRJRS-YELLOW-RED-XL,200,shopify,10,deny,manual,39.99,,TRUE,TRUE,,https://elitestarathletics.github.io/images/no-rest-just-reps-yellow-red.png,1,No Rest Just Reps Set - Yellow & Red
no-rest-just-reps-set-yellow-red,No Rest Just Reps Set - Yellow & Red,<strong>No Rest. Just Reps.</strong> Cropped Tank and Shorts Set in Yellow & Red.,Elite Star Athletics,Athletic Wear,"Set, Women's, No Rest Just Reps, ESA",TRUE,Size,2XL,ESA-NRJRS-YELLOW-RED-2XL,200,shopify,10,deny,manual,39.99,,TRUE,TRUE,,https://elitestarathletics.github.io/images/no-rest-just-reps-yellow-red.png,1,No Rest Just Reps Set - Yellow & Red
no-rest-just-reps-set-yellow-red,No Rest Just Reps Set - Yellow & Red,<strong>No Rest. Just Reps.</strong> Cropped Tank and Shorts Set in Yellow & Red.,Elite Star Athletics,Athletic Wear,"Set, Women's, No Rest Just Reps, ESA",TRUE,Size,3XL,ESA-NRJRS-YELLOW-RED-3XL,200,shopify,10,deny,manual,39.99,,TRUE,TRUE,,https://elitestarathletics.github.io/images/no-rest-just-reps-yellow-red.png,1,No Rest Just Reps Set - Yellow & Red
no-rest-just-reps-set-yellow-red,No Rest Just Reps Set - Yellow & Red,<strong>No Rest. Just Reps.</strong> Cropped Tank and Shorts Set in Yellow & Red.,Elite Star Athletics,Athletic Wear,"Set, Women's, No Rest Just Reps, ESA",TRUE,Size,4XL,ESA-NRJRS-YELLOW-RED-4XL,200,shopify,10,deny,manual,39.99,,TRUE,TRUE,,https://elitestarathletics.github.io/images/no-rest-just-reps-yellow-red.png,1,No Rest Just Reps Set - Yellow & Red
no-rest-just-reps-set-black-peach,No Rest Just Reps Set - Black & Peach,<strong>No Rest. Just Reps.</strong> Cropped Tank and Shorts Set in Black & Peach.,Elite Star Athletics,Athletic Wear,"Set, Women's, No Rest Just Reps, ESA",TRUE,Size,Youth XS,ESA-NRJRS-BLACK-PEACH-YouthXS,200,shopify,10,deny,manual,39.99,,TRUE,TRUE,,https://elitestarathletics.github.io/images/no-rest-just-reps-black-peach.png,1,No Rest Just Reps Set - Black & Peach
no-rest-just-reps-set-black-peach,No Rest Just Reps Set - Black & Peach,<strong>No Rest. Just Reps.</strong> Cropped Tank and Shorts Set in Black & Peach.,Elite Star Athletics,Athletic Wear,"Set, Women's, No Rest Just Reps, ESA",TRUE,Size,Youth S,ESA-NRJRS-BLACK-PEACH-YouthS,200,shopify,10,deny,manual,39.99,,TRUE,TRUE,,https://elitestarathletics.github.io/images/no-rest-just-reps-black-peach.png,1,No Rest Just Reps Set - Black & Peach
no-rest-just-reps-set-black-peach,No Rest Just Reps Set - Black & Peach,<strong>No Rest. Just Reps.</strong> Cropped Tank and Shorts Set in Black & Peach.,Elite Star Athletics,Athletic Wear,"Set, Women's, No Rest Just Reps, ESA",TRUE,Size,Youth M,ESA-NRJRS-BLACK-PEACH-YouthM,200,shopify,10,deny,manual,39.99,,TRUE,TRUE,,https://elitestarathletics.github.io/images/no-rest-just-reps-black-peach.png,1,No Rest Just Reps Set - Black & Peach
no-rest-just-reps-set-black-peach,No Rest Just Reps Set - Black & Peach,<strong>No Rest. Just Reps.</strong> Cropped Tank and Shorts Set in Black & Peach.,Elite Star Athletics,Athletic Wear,"Set, Women's, No Rest Just Reps, ESA",TRUE,Size,Youth L,ESA-NRJRS-BLACK-PEACH-YouthL,200,shopify,10,deny,manual,39.99,,TRUE,TRUE,,https://elitestarathletics.github.io/images/no-rest-just-reps-black-peach.png,1,No Rest Just Reps Set - Black & Peach
no-rest-just-reps-set-black-peach,No Rest Just Reps Set - Black & Peach,<strong>No Rest. Just Reps.</strong> Cropped Tank and Shorts Set in Black & Peach.,Elite Star Athletics,Athletic Wear,"Set, Women's, No Rest Just Reps, ESA",TRUE,Size,Youth XL,ESA-NRJRS-BLACK-PEACH-YouthXL,200,shopify,10,deny,manual,39.99,,TRUE,TRUE,,https://elitestarathletics.github.io/images/no-rest-just-reps-black-peach.png,1,No Rest Just Reps Set - Black & Peach
no-rest-just-reps-set-black-peach,No Rest Just Reps Set - Black & Peach,<strong>No Rest. Just Reps.</strong> Cropped Tank and Shorts Set in Black & Peach.,Elite Star Athletics,Athletic Wear,"Set, Women's, No Rest Just Reps, ESA",TRUE,Size,S,ESA-NRJRS-BLACK-PEACH-S,200,shopify,10,deny,manual,39.99,,TRUE,TRUE,,https://elitestarathletics.github.io/images/no-rest-just-reps-black-peach.png,1,No Rest Just Reps Set - Black & Peach
no-rest-just-reps-set-black-peach,No Rest Just Reps Set - Black & Peach,<strong>No Rest. Just Reps.</strong> Cropped Tank and Shorts Set in Black & Peach.,Elite Star Athletics,Athletic Wear,"Set, Women's, No Rest Just Reps, ESA",TRUE,Size,M,ESA-NRJRS-BLACK-PEACH-M,200,shopify,10,deny,manual,39.99,,TRUE,TRUE,,https://elitestarathletics.github.io/images/no-rest-just-reps-black-peach.png,1,No Rest Just Reps Set - Black & Peach
no-rest-just-reps-set-black-peach,No Rest Just Reps Set - Black & Peach,<strong>No Rest. Just Reps.</strong> Cropped Tank and Shorts Set in Black & Peach.,Elite Star Athletics,Athletic Wear,"Set, Women's, No Rest Just Reps, ESA",TRUE,Size,L,ESA-NRJRS-BLACK-PEACH-L,200,shopify,10,deny,manual,39.99,,TRUE,TRUE,,https://elitestarathletics.github.io/images/no-rest-just-reps-black-peach.png,1,No Rest Just Reps Set - Black & Peach
no-rest-just-reps-set-black-peach,No Rest Just Reps Set - Black & Peach,<strong>No Rest. Just Reps.</strong> Cropped Tank and Shorts Set in Black & Peach.,Elite Star Athletics,Athletic Wear,"Set, Women's, No Rest Just Reps, ESA",TRUE,Size,XL,ESA-NRJRS-BLACK-PEACH-XL,200,shopify,10,deny,manual,39.99,,TRUE,TRUE,,https://elitestarathletics.github.io/images/no-rest-just-reps-black-peach.png,1,No Rest Just Reps Set - Black & Peach
no-rest-just-reps-set-black-peach,No Rest Just Reps Set - Black & Peach,<strong>No Rest. Just Reps.</strong> Cropped Tank and Shorts Set in Black & Peach.,Elite Star Athletics,Athletic Wear,"Set, Women's, No Rest Just Reps, ESA",TRUE,Size,2XL,ESA-NRJRS-BLACK-PEACH-2XL,200,shopify,10,deny,manual,39.99,,TRUE,TRUE,,https://elitestarathletics.github.io/images/no-rest-just-reps-black-peach.png,1,No Rest Just Reps Set - Black & Peach
no-rest-just-reps-set-black-peach,No Rest Just Reps Set - Black & Peach,<strong>No Rest. Just Reps.</strong> Cropped Tank and Shorts Set in Black & Peach.,Elite Star Athletics,Athletic Wear,"Set, Women's, No Rest Just Reps, ESA",TRUE,Size,3XL,ESA-NRJRS-BLACK-PEACH-3XL,200,shopify,10,deny,manual,39.99,,TRUE,TRUE,,https://elitestarathletics.github.io/images/no-rest-just-reps-black-peach.png,1,No Rest Just Reps Set - Black & Peach
no-rest-just-reps-set-black-peach,No Rest Just Reps Set - Black & Peach,<strong>No Rest. Just Reps.</strong> Cropped Tank and Shorts Set in Black & Peach.,Elite Star Athletics,Athletic Wear,"Set, Women's, No Rest Just Reps, ESA",TRUE,Size,4XL,ESA-NRJRS-BLACK-PEACH-4XL,200,shopify,10,deny,manual,39.99,,TRUE,TRUE,,https://elitestarathletics.github.io/images/no-rest-just-reps-black-peach.png,1,No Rest Just Reps Set - Black & Peach
no-rest-just-reps-set-white-lime-green,No Rest Just Reps Set - White & Lime Green,<strong>No Rest. Just Reps.</strong> Cropped Tank and Shorts Set in White & Lime Green.,Elite Star Athletics,Athletic Wear,"Set, Women's, No Rest Just Reps, ESA",TRUE,Size,Youth XS,ESA-NRJRS-WHITE-LIME-GREEN-YouthXS,200,shopify,10,deny,manual,39.99,,TRUE,TRUE,,https://elitestarathletics.github.io/images/no-rest-just-reps-white-limegreen.png,1,No Rest Just Reps Set - White & Lime Green
no-rest-just-reps-set-white-lime-green,No Rest Just Reps Set - White & Lime Green,<strong>No Rest. Just Reps.</strong> Cropped Tank and Shorts Set in White & Lime Green.,Elite Star Athletics,Athletic Wear,"Set, Women's, No Rest Just Reps, ESA",TRUE,Size,Youth S,ESA-NRJRS-WHITE-LIME-GREEN-YouthS,200,shopify,10,deny,manual,39.99,,TRUE,TRUE,,https://elitestarathletics.github.io/images/no-rest-just-reps-white-limegreen.png,1,No Rest Just Reps Set - White & Lime Green
no-rest-just-reps-set-white-lime-green,No Rest Just Reps Set - White & Lime Green,<strong>No Rest. Just Reps.</strong> Cropped Tank and Shorts Set in White & Lime Green.,Elite Star Athletics,Athletic Wear,"Set, Women's, No Rest Just Reps, ESA",TRUE,Size,Youth M,ESA-NRJRS-WHITE-LIME-GREEN-YouthM,200,shopify,10,deny,manual,39.99,,TRUE,TRUE,,https://elitestarathletics.github.io/images/no-rest-just-reps-white-limegreen.png,1,No Rest Just Reps Set - White & Lime Green
no-rest-just-reps-set-white-lime-green,No Rest Just Reps Set - White & Lime Green,<strong>No Rest. Just Reps.</strong> Cropped Tank and Shorts Set in White & Lime Green.,Elite Star Athletics,Athletic Wear,"Set, Women's, No Rest Just Reps, ESA",TRUE,Size,Youth L,ESA-NRJRS-WHITE-LIME-GREEN-YouthL,200,shopify,10,deny,manual,39.99,,TRUE,TRUE,,https://elitestarathletics.github.io/images/no-rest-just-reps-white-limegreen.png,1,No Rest Just Reps Set - White & Lime Green
no-rest-just-reps-set-white-lime-green,No Rest Just Reps Set - White & Lime Green,<strong>No Rest. Just Reps.</strong> Cropped Tank and Shorts Set in White & Lime Green.,Elite Star Athletics,Athletic Wear,"Set, Women's, No Rest Just Reps, ESA",TRUE,Size,Youth XL,ESA-NRJRS-WHITE-LIME-GREEN-YouthXL,200,shopify,10,deny,manual,39.99,,TRUE,TRUE,,https://elitestarathletics.github.io/images/no-rest-just-reps-white-limegreen.png,1,No Rest Just Reps Set - White & Lime Green
no-rest-just-reps-set-white-lime-green,No Rest Just Reps Set - White & Lime Green,<strong>No Rest. Just Reps.</strong> Cropped Tank and Shorts Set in White & Lime Green.,Elite Star Athletics,Athletic Wear,"Set, Women's, No Rest Just Reps, ESA",TRUE,Size,S,ESA-NRJRS-WHITE-LIME-GREEN-S,200,shopify,10,deny,manual,39.99,,TRUE,TRUE,,https://elitestarathletics.github.io/images/no-rest-just-reps-white-limegreen.png,1,No Rest Just Reps Set - White & Lime Green
no-rest-just-reps-set-white-lime-green,No Rest Just Reps Set - White & Lime Green,<strong>No Rest. Just Reps.</strong> Cropped Tank and Shorts Set in White & Lime Green.,Elite Star Athletics,Athletic Wear,"Set, Women's, No Rest Just Reps, ESA",TRUE,Size,M,ESA-NRJRS-WHITE-LIME-GREEN-M,200,shopify,10,deny,manual,39.99,,TRUE,TRUE,,https://elitestarathletics.github.io/images/no-rest-just-reps-white-limegreen.png,1,No Rest Just Reps Set - White & Lime Green
no-rest-just-reps-set-white-lime-green,No Rest Just Reps Set - White & Lime Green,<strong>No Rest. Just Reps.</strong> Cropped Tank and Shorts Set in White & Lime Green.,Elite Star Athletics,Athletic Wear,"Set, Women's, No Rest Just Reps, ESA",TRUE,Size,L,ESA-NRJRS-WHITE-LIME-GREEN-L,200,shopify,10,deny,manual,39.99,,TRUE,TRUE,,https://elitestarathletics.github.io/images/no-rest-just-reps-white-limegreen.png,1,No Rest Just Reps Set - White & Lime Green
no-rest-just-reps-set-white-lime-green,No Rest Just Reps Set - White & Lime Green,<strong>No Rest. Just Reps.</strong> Cropped Tank and Shorts Set in White & Lime Green.,Elite Star Athletics,Athletic Wear,"Set, Women's, No Rest Just Reps, ESA",TRUE,Size,XL,ESA-NRJRS-WHITE-LIME-GREEN-XL,200,shopify,10,deny,manual,39.99,,TRUE,TRUE,,https://elitestarathletics.github.io/images/no-rest-just-reps-white-limegreen.png,1,No Rest Just Reps Set - White & Lime Green
no-rest-just-reps-set-white-lime-green,No Rest Just Reps Set - White & Lime Green,<strong>No Rest. Just Reps.</strong> Cropped Tank and Shorts Set in White & Lime Green.,Elite Star Athletics,Athletic Wear,"Set, Women's, No Rest Just Reps, ESA",TRUE,Size,2XL,ESA-NRJRS-WHITE-LIME-GREEN-2XL,200,shopify,10,deny,manual,39.99,,TRUE,TRUE,,https://elitestarathletics.github.io/images/no-rest-just-reps-white-limegreen.png,1,No Rest Just Reps Set - White & Lime Green
no-rest-just-reps-set-white-lime-green,No Rest Just Reps Set - White & Lime Green,<strong>No Rest. Just Reps.</strong> Cropped Tank and Shorts Set in White & Lime Green.,Elite Star Athletics,Athletic Wear,"Set, Women's, No Rest Just Reps, ESA",TRUE,Size,3XL,ESA-NRJRS-WHITE-LIME-GREEN-3XL,200,shopify,10,deny,manual,39.99,,TRUE,TRUE,,https://elitestarathletics.github.io/images/no-rest-just-reps-white-limegreen.png,1,No Rest Just Reps Set - White & Lime Green
no-rest-just-reps-set-white-lime-green,No Rest Just Reps Set - White & Lime Green,<strong>No Rest. Just Reps.</strong> Cropped Tank and Shorts Set in White & Lime Green.,Elite Star Athletics,Athletic Wear,"Set, Women's, No Rest Just Reps, ESA",TRUE,Size,4XL,ESA-NRJRS-WHITE-LIME-GREEN-4XL,200,shopify,10,deny,manual,39.99,,TRUE,TRUE,,https://elitestarathletics.github.io/images/no-rest-just-reps-white-limegreen.png,1,No Rest Just Reps Set - White & Lime Green
no-rest-just-reps-set-navy-red,No Rest Just Reps Set - Navy & Red,<strong>No Rest. Just Reps.</strong> Cropped Tank and Shorts Set in Navy & Red.,Elite Star Athletics,Athletic Wear,"Set, Women's, No Rest Just Reps, ESA",TRUE,Size,Youth XS,ESA-NRJRS-NAVY-RED-YouthXS,200,shopify,10,deny,manual,39.99,,TRUE,TRUE,,https://elitestarathletics.github.io/images/no-rest-just-reps-navy-red.png,1,No Rest Just Reps Set - Navy & Red
no-rest-just-reps-set-navy-red,No Rest Just Reps Set - Navy & Red,<strong>No Rest. Just Reps.</strong> Cropped Tank and Shorts Set in Navy & Red.,Elite Star Athletics,Athletic Wear,"Set, Women's, No Rest Just Reps, ESA",TRUE,Size,Youth S,ESA-NRJRS-NAVY-RED-YouthS,200,shopify,10,deny,manual,39.99,,TRUE,TRUE,,https://elitestarathletics.github.io/images/no-rest-just-reps-navy-red.png,1,No Rest Just Reps Set - Navy & Red
no-rest-just-reps-set-navy-red,No Rest Just Reps Set - Navy & Red,<strong>No Rest. Just Reps.</strong> Cropped Tank and Shorts Set in Navy & Red.,Elite Star Athletics,Athletic Wear,"Set, Women's, No Rest Just Reps, ESA",TRUE,Size,Youth M,ESA-NRJRS-NAVY-RED-YouthM,200,shopify,10,deny,manual,39.99,,TRUE,TRUE,,https://elitestarathletics.github.io/images/no-rest-just-reps-navy-red.png,1,No Rest Just Reps Set - Navy & Red
no-rest-just-reps-set-navy-red,No Rest Just Reps Set - Navy & Red,<strong>No Rest. Just Reps.</strong> Cropped Tank and Shorts Set in Navy & Red.,Elite Star Athletics,Athletic Wear,"Set, Women's, No Rest Just Reps, ESA",TRUE,Size,Youth L,ESA-NRJRS-NAVY-RED-YouthL,200,shopify,10,deny,manual,39.99,,TRUE,TRUE,,https://elitestarathletics.github.io/images/no-rest-just-reps-navy-red.png,1,No Rest Just Reps Set - Navy & Red
no-rest-just-reps-set-navy-red,No Rest Just Reps Set - Navy & Red,<strong>No Rest. Just Reps.</strong> Cropped Tank and Shorts Set in Navy & Red.,Elite Star Athletics,Athletic Wear,"Set, Women's, No Rest Just Reps, ESA",TRUE,Size,Youth XL,ESA-NRJRS-NAVY-RED-YouthXL,200,shopify,10,deny,manual,39.99,,TRUE,TRUE,,https://elitestarathletics.github.io/images/no-rest-just-reps-navy-red.png,1,No Rest Just Reps Set - Navy & Red
no-rest-just-reps-set-navy-red,No Rest Just Reps Set - Navy & Red,<strong>No Rest. Just Reps.</strong> Cropped Tank and Shorts Set in Navy & Red.,Elite Star Athletics,Athletic Wear,"Set, Women's, No Rest Just Reps, ESA",TRUE,Size,S,ESA-NRJRS-NAVY-RED-S,200,shopify,10,deny,manual,39.99,,TRUE,TRUE,,https://elitestarathletics.github.io/images/no-rest-just-reps-navy-red.png,1,No Rest Just Reps Set - Navy & Red
no-rest-just-reps-set-navy-red,No Rest Just Reps Set - Navy & Red,<strong>No Rest. Just Reps.</strong> Cropped Tank and Shorts Set in Navy & Red.,Elite Star Athletics,Athletic Wear,"Set, Women's, No Rest Just Reps, ESA",TRUE,Size,M,ESA-NRJRS-NAVY-RED-M,200,shopify,10,deny,manual,39.99,,TRUE,TRUE,,https://elitestarathletics.github.io/images/no-rest-just-reps-navy-red.png,1,No Rest Just Reps Set - Navy & Red
no-rest-just-reps-set-navy-red,No Rest Just Reps Set - Navy & Red,<strong>No Rest. Just Reps.</strong> Cropped Tank and Shorts Set in Navy & Red.,Elite Star Athletics,Athletic Wear,"Set, Women's, No Rest Just Reps, ESA",TRUE,Size,L,ESA-NRJRS-NAVY-RED-L,200,shopify,10,deny,manual,39.99,,TRUE,TRUE,,https://elitestarathletics.github.io/images/no-rest-just-reps-navy-red.png,1,No Rest Just Reps Set - Navy & Red
no-rest-just-reps-set-navy-red,No Rest Just Reps Set - Navy & Red,<strong>No Rest. Just Reps.</strong> Cropped Tank and Shorts Set in Navy & Red.,Elite Star Athletics,Athletic Wear,"Set, Women's, No Rest Just Reps, ESA",TRUE,Size,XL,ESA-NRJRS-NAVY-RED-XL,200,shopify,10,deny,manual,39.99,,TRUE,TRUE,,https://elitestarathletics.github.io/images/no-rest-just-reps-navy-red.png,1,No Rest Just Reps Set - Navy & Red
no-rest-just-reps-set-navy-red,No Rest Just Reps Set - Navy & Red,<strong>No Rest. Just Reps.</strong> Cropped Tank and Shorts Set in Navy & Red.,Elite Star Athletics,Athletic Wear,"Set, Women's, No Rest Just Reps, ESA",TRUE,Size,2XL,ESA-NRJRS-NAVY-RED-2XL,200,shopify,10,deny,manual,39.99,,TRUE,TRUE,,https://elitestarathletics.github.io/images/no-rest-just-reps-navy-red.png,1,No Rest Just Reps Set - Navy & Red
no-rest-just-reps-set-navy-red,No Rest Just Reps Set - Navy & Red,<strong>No Rest. Just Reps.</strong> Cropped Tank and Shorts Set in Navy & Red.,Elite Star Athletics,Athletic Wear,"Set, Women's, No Rest Just Reps, ESA",TRUE,Size,3XL,ESA-NRJRS-NAVY-RED-3XL,200,shopify,10,deny,manual,39.99,,TRUE,TRUE,,https://elitestarathletics.github.io/images/no-rest-just-reps-navy-red.png,1,No Rest Just Reps Set - Navy & Red
no-rest-just-reps-set-navy-red,No Rest Just Reps Set - Navy & Red,<strong>No Rest. Just Reps.</strong> Cropped Tank and Shorts Set in Navy & Red.,Elite Star Athletics,Athletic Wear,"Set, Women's, No Rest Just Reps, ESA",TRUE,Size,4XL,ESA-NRJRS-NAVY-RED-4XL,200,shopify,10,deny,manual,39.99,,TRUE,TRUE,,https://elitestarathletics.github.io/images/no-rest-just-reps-navy-red.png,1,No Rest Just Reps Set - Navy & Red
no-rest-just-reps-set-navy-light-blue,No Rest Just Reps Set - Navy & Light Blue,<strong>No Rest. Just Reps.</strong> Cropped Tank and Shorts Set in Navy & Light Blue.,Elite Star Athletics,Athletic Wear,"Set, Women's, No Rest Just Reps, ESA",TRUE,Size,Youth XS,ESA-NRJRS-NAVY-LIGHT-BLUE-YouthXS,200,shopify,10,deny,manual,39.99,,TRUE,TRUE,,https://elitestarathletics.github.io/images/no-rest-just-reps-navy-lightblue.png,1,No Rest Just Reps Set - Navy & Light Blue
no-rest-just-reps-set-navy-light-blue,No Rest Just Reps Set - Navy & Light Blue,<strong>No Rest. Just Reps.</strong> Cropped Tank and Shorts Set in Navy & Light Blue.,Elite Star Athletics,Athletic Wear,"Set, Women's, No Rest Just Reps, ESA",TRUE,Size,Youth S,ESA-NRJRS-NAVY-LIGHT-BLUE-YouthS,200,shopify,10,deny,manual,39.99,,TRUE,TRUE,,https://elitestarathletics.github.io/images/no-rest-just-reps-navy-lightblue.png,1,No Rest Just Reps Set - Navy & Light Blue
no-rest-just-reps-set-navy-light-blue,No Rest Just Reps Set - Navy & Light Blue,<strong>No Rest. Just Reps.</strong> Cropped Tank and Shorts Set in Navy & Light Blue.,Elite Star Athletics,Athletic Wear,"Set, Women's, No Rest Just Reps, ESA",TRUE,Size,Youth M,ESA-NRJRS-NAVY-LIGHT-BLUE-YouthM,200,shopify,10,deny,manual,39.99,,TRUE,TRUE,,https://elitestarathletics.github.io/images/no-rest-just-reps-navy-lightblue.png,1,No Rest Just Reps Set - Navy & Light Blue
no-rest-just-reps-set-navy-light-blue,No Rest Just Reps Set - Navy & Light Blue,<strong>No Rest. Just Reps.</strong> Cropped Tank and Shorts Set in Navy & Light Blue.,Elite Star Athletics,Athletic Wear,"Set, Women's, No Rest Just Reps, ESA",TRUE,Size,Youth L,ESA-NRJRS-NAVY-LIGHT-BLUE-YouthL,200,shopify,10,deny,manual,39.99,,TRUE,TRUE,,https://elitestarathletics.github.io/images/no-rest-just-reps-navy-lightblue.png,1,No Rest Just Reps Set - Navy & Light Blue
no-rest-just-reps-set-navy-light-blue,No Rest Just Reps Set - Navy & Light Blue,<strong>No Rest. Just Reps.</strong> Cropped Tank and Shorts Set in Navy & Light Blue.,Elite Star Athletics,Athletic Wear,"Set, Women's, No Rest Just Reps, ESA",TRUE,Size,Youth XL,ESA-NRJRS-NAVY-LIGHT-BLUE-YouthXL,200,shopify,10,deny,manual,39.99,,TRUE,TRUE,,https://elitestarathletics.github.io/images/no-rest-just-reps-navy-lightblue.png,1,No Rest Just Reps Set - Navy & Light Blue
no-rest-just-reps-set-navy-light-blue,No Rest Just Reps Set - Navy & Light Blue,<strong>No Rest. Just Reps.</strong> Cropped Tank and Shorts Set in Navy & Light Blue.,Elite Star Athletics,Athletic Wear,"Set, Women's, No Rest Just Reps, ESA",TRUE,Size,S,ESA-NRJRS-NAVY-LIGHT-BLUE-S,200,shopify,10,deny,manual,39.99,,TRUE,TRUE,,https://elitestarathletics.github.io/images/no-rest-just-reps-navy-lightblue.png,1,No Rest Just Reps Set - Navy & Light Blue
no-rest-just-reps-set-navy-light-blue,No Rest Just Reps Set - Navy & Light Blue,<strong>No Rest. Just Reps.</strong> Cropped Tank and Shorts Set in Navy & Light Blue.,Elite Star Athletics,Athletic Wear,"Set, Women's, No Rest Just Reps, ESA",TRUE,Size,M,ESA-NRJRS-NAVY-LIGHT-BLUE-M,200,shopify,10,deny,manual,39.99,,TRUE,TRUE,,https://elitestarathletics.github.io/images/no-rest-just-reps-navy-lightblue.png,1,No Rest Just Reps Set - Navy & Light Blue
no-rest-just-reps-set-navy-light-blue,No Rest Just Reps Set - Navy & Light Blue,<strong>No Rest. Just Reps.</strong> Cropped Tank and Shorts Set in Navy & Light Blue.,Elite Star Athletics,Athletic Wear,"Set, Women's, No Rest Just Reps, ESA",TRUE,Size,L,ESA-NRJRS-NAVY-LIGHT-BLUE-L,200,shopify,10,deny,manual,39.99,,TRUE,TRUE,,https://elitestarathletics.github.io/images/no-rest-just-reps-navy-lightblue.png,1,No Rest Just Reps Set - Navy & Light Blue
no-rest-just-reps-set-navy-light-blue,No Rest Just Reps Set - Navy & Light Blue,<strong>No Rest. Just Reps.</strong> Cropped Tank and Shorts Set in Navy & Light Blue.,Elite Star Athletics,Athletic Wear,"Set, Women's, No Rest Just Reps, ESA",TRUE,Size,XL,ESA-NRJRS-NAVY-LIGHT-BLUE-XL,200,shopify,10,deny,manual,39.99,,TRUE,TRUE,,https://elitestarathletics.github.io/images/no-rest-just-reps-navy-lightblue.png,1,No Rest Just Reps Set - Navy & Light Blue
no-rest-just-reps-set-navy-light-blue,No Rest Just Reps Set - Navy & Light Blue,<strong>No Rest. Just Reps.</strong> Cropped Tank and Shorts Set in Navy & Light Blue.,Elite Star Athletics,Athletic Wear,"Set, Women's, No Rest Just Reps, ESA",TRUE,Size,2XL,ESA-NRJRS-NAVY-LIGHT-BLUE-2XL,200,shopify,10,deny,manual,39.99,,TRUE,TRUE,,https://elitestarathletics.github.io/images/no-rest-just-reps-navy-lightblue.png,1,No Rest Just Reps Set - Navy & Light Blue
no-rest-just-reps-set-navy-light-blue,No Rest Just Reps Set - Navy & Light Blue,<strong>No Rest. Just Reps.</strong> Cropped Tank and Shorts Set in Navy & Light Blue.,Elite Star Athletics,Athletic Wear,"Set, Women's, No Rest Just Reps, ESA",TRUE,Size,3XL,ESA-NRJRS-NAVY-LIGHT-BLUE-3XL,200,shopify,10,deny,manual,39.99,,TRUE,TRUE,,https://elitestarathletics.github.io/images/no-rest-just-reps-navy-lightblue.png,1,No Rest Just Reps Set - Navy & Light Blue
no-rest-just-reps-set-navy-light-blue,No Rest Just Reps Set - Navy & Light Blue,<strong>No Rest. Just Reps.</strong> Cropped Tank and Shorts Set in Navy & Light Blue.,Elite Star Athletics,Athletic Wear,"Set, Women's, No Rest Just Reps, ESA",TRUE,Size,4XL,ESA-NRJRS-NAVY-LIGHT-BLUE-4XL,200,shopify,10,deny,manual,39.99,,TRUE,TRUE,,https://elitestarathletics.github.io/images/no-rest-just-reps-navy-lightblue.png,1,No Rest Just Reps Set - Navy & Light Blue
no-rest-just-reps-set-pink-light-blue,No Rest Just Reps Set - Pink & Light Blue,<strong>No Rest. Just Reps.</strong> Cropped Tank and Shorts Set in Pink & Light Blue.,Elite Star Athletics,Athletic Wear,"Set, Women's, No Rest Just Reps, ESA",TRUE,Size,Youth XS,ESA-NRJRS-PINK-LIGHT-BLUE-YouthXS,200,shopify,10,deny,manual,39.99,,TRUE,TRUE,,https://elitestarathletics.github.io/images/no-rest-just-reps-pink-lightblue.png,1,No Rest Just Reps Set - Pink & Light Blue
no-rest-just-reps-set-pink-light-blue,No Rest Just Reps Set - Pink & Light Blue,<strong>No Rest. Just Reps.</strong> Cropped Tank and Shorts Set in Pink & Light Blue.,Elite Star Athletics,Athletic Wear,"Set, Women's, No Rest Just Reps, ESA",TRUE,Size,Youth S,ESA-NRJRS-PINK-LIGHT-BLUE-YouthS,200,shopify,10,deny,manual,39.99,,TRUE,TRUE,,https://elitestarathletics.github.io/images/no-rest-just-reps-pink-lightblue.png,1,No Rest Just Reps Set - Pink & Light Blue
no-rest-just-reps-set-pink-light-blue,No Rest Just Reps Set - Pink & Light Blue,<strong>No Rest. Just Reps.</strong> Cropped Tank and Shorts Set in Pink & Light Blue.,Elite Star Athletics,Athletic Wear,"Set, Women's, No Rest Just Reps, ESA",TRUE,Size,Youth M,ESA-NRJRS-PINK-LIGHT-BLUE-YouthM,200,shopify,10,deny,manual,39.99,,TRUE,TRUE,,https://elitestarathletics.github.io/images/no-rest-just-reps-pink-lightblue.png,1,No Rest Just Reps Set - Pink & Light Blue
no-rest-just-reps-set-pink-light-blue,No Rest Just Reps Set - Pink & Light Blue,<strong>No Rest. Just Reps.</strong> Cropped Tank and Shorts Set in Pink & Light Blue.,Elite Star Athletics,Athletic Wear,"Set, Women's, No Rest Just Reps, ESA",TRUE,Size,Youth L,ESA-NRJRS-PINK-LIGHT-BLUE-YouthL,200,shopify,10,deny,manual,39.99,,TRUE,TRUE,,https://elitestarathletics.github.io/images/no-rest-just-reps-pink-lightblue.png,1,No Rest Just Reps Set - Pink & Light Blue
no-rest-just-reps-set-pink-light-blue,No Rest Just Reps Set - Pink & Light Blue,<strong>No Rest. Just Reps.</strong> Cropped Tank and Shorts Set in Pink & Light Blue.,Elite Star Athletics,Athletic Wear,"Set, Women's, No Rest Just Reps, ESA",TRUE,Size,Youth XL,ESA-NRJRS-PINK-LIGHT-BLUE-YouthXL,200,shopify,10,deny,manual,39.99,,TRUE,TRUE,,https://elitestarathletics.github.io/images/no-rest-just-reps-pink-lightblue.png,1,No Rest Just Reps Set - Pink & Light Blue
no-rest-just-reps-set-pink-light-blue,No Rest Just Reps Set - Pink & Light Blue,<strong>No Rest. Just Reps.</strong> Cropped Tank and Shorts Set in Pink & Light Blue.,Elite Star Athletics,Athletic Wear,"Set, Women's, No Rest Just Reps, ESA",TRUE,Size,S,ESA-NRJRS-PINK-LIGHT-BLUE-S,200,shopify,10,deny,manual,39.99,,TRUE,TRUE,,https://elitestarathletics.github.io/images/no-rest-just-reps-pink-lightblue.png,1,No Rest Just Reps Set - Pink & Light Blue
no-rest-just-reps-set-pink-light-blue,No Rest Just Reps Set - Pink & Light Blue,<strong>No Rest. Just Reps.</strong> Cropped Tank and Shorts Set in Pink & Light Blue.,Elite Star Athletics,Athletic Wear,"Set, Women's, No Rest Just Reps, ESA",TRUE,Size,M,ESA-NRJRS-PINK-LIGHT-BLUE-M,200,shopify,10,deny,manual,39.99,,TRUE,TRUE,,https://elitestarathletics.github.io/images/no-rest-just-reps-pink-lightblue.png,1,No Rest Just Reps Set - Pink & Light Blue
no-rest-just-reps-set-pink-light-blue,No Rest Just Reps Set - Pink & Light Blue,<strong>No Rest. Just Reps.</strong> Cropped Tank and Shorts Set in Pink & Light Blue.,Elite Star Athletics,Athletic Wear,"Set, Women's, No Rest Just Reps, ESA",TRUE,Size,L,ESA-NRJRS-PINK-LIGHT-BLUE-L,200,shopify,10,deny,manual,39.99,,TRUE,TRUE,,https://elitestarathletics.github.io/images/no-rest-just-reps-pink-lightblue.png,1,No Rest Just Reps Set - Pink & Light Blue
no-rest-just-reps-set-pink-light-blue,No Rest Just Reps Set - Pink & Light Blue,<strong>No Rest. Just Reps.</strong> Cropped Tank and Shorts Set in Pink & Light Blue.,Elite Star Athletics,Athletic Wear,"Set, Women's, No Rest Just Reps, ESA",TRUE,Size,XL,ESA-NRJRS-PINK-LIGHT-BLUE-XL,200,shopify,10,deny,manual,39.99,,TRUE,TRUE,,https://elitestarathletics.github.io/images/no-rest-just-reps-pink-lightblue.png,1,No Rest Just Reps Set - Pink & Light Blue
no-rest-just-reps-set-pink-light-blue,No Rest Just Reps Set - Pink & Light Blue,<strong>No Rest. Just Reps.</strong> Cropped Tank and Shorts Set in Pink & Light Blue.,Elite Star Athletics,Athletic Wear,"Set, Women's, No Rest Just Reps, ESA",TRUE,Size,2XL,ESA-NRJRS-PINK-LIGHT-BLUE-2XL,200,shopify,10,deny,manual,39.99,,TRUE,TRUE,,https://elitestarathletics.github.io/images/no-rest-just-reps-pink-lightblue.png,1,No Rest Just Reps Set - Pink & Light Blue
no-rest-just-reps-set-pink-light-blue,No Rest Just Reps Set - Pink & Light Blue,<strong>No Rest. Just Reps.</strong> Cropped Tank and Shorts Set in Pink & Light Blue.,Elite Star Athletics,Athletic Wear,"Set, Women's, No Rest Just Reps, ESA",TRUE,Size,3XL,ESA-NRJRS-PINK-LIGHT-BLUE-3XL,200,shopify,10,deny,manual,39.99,,TRUE,TRUE,,https://elitestarathletics.github.io/images/no-rest-just-reps-pink-lightblue.png,1,No Rest Just Reps Set - Pink & Light Blue
no-rest-just-reps-set-pink-light-blue,No Rest Just Reps Set - Pink & Light Blue,<strong>No Rest. Just Reps.</strong> Cropped Tank and Shorts Set in Pink & Light Blue.,Elite Star Athletics,Athletic Wear,"Set, Women's, No Rest Just Reps, ESA",TRUE,Size,4XL,ESA-NRJRS-PINK-LIGHT-BLUE-4XL,200,shopify,10,deny,manual,39.99,,TRUE,TRUE,,https://elitestarathletics.github.io/images/no-rest-just-reps-pink-lightblue.png,1,No Rest Just Reps Set - Pink & Light Blue
